timestamp,mmsi,latitude,longitude,sog,cog,heading,vessel_type,imo,vessel_name,navigation_status
2026-09-27T04:00:00Z,211000001,12.020,79.960,8.5,45.0,44.0,Tanker,1234567,VESSEL ALPHA,Under way using engine
2026-09-27T04:30:00Z,211000001,12.015,79.970,7.2,50.0,49.0,Tanker,1234567,VESSEL ALPHA,Under way using engine
2026-09-27T05:00:00Z,211000001,12.008,79.980,5.0,60.0,58.0,Tanker,1234567,VESSEL ALPHA,Under way using engine
2026-09-27T05:30:00Z,211000001,12.003,79.990,3.2,75.0,73.0,Tanker,1234567,VESSEL ALPHA,Under way using engine
2026-09-27T06:00:00Z,211000001,12.001,80.001,1.5,90.0,88.0,Tanker,1234567,VESSEL ALPHA,Under way using engine
2026-09-27T06:30:00Z,211000001,12.002,80.010,4.0,110.0,108.0,Tanker,1234567,VESSEL ALPHA,Under way using engine
2026-09-27T07:00:00Z,211000001,12.005,80.025,6.5,120.0,118.0,Tanker,1234567,VESSEL ALPHA,Under way using engine
2026-09-27T07:30:00Z,211000001,12.010,80.040,8.0,130.0,128.0,Tanker,1234567,VESSEL ALPHA,Under way using engine
2026-09-27T04:00:00Z,211000002,12.100,79.800,12.0,90.0,89.0,Cargo,2345678,VESSEL BETA,Under way using engine
2026-09-27T05:00:00Z,211000002,12.095,79.900,11.5,88.0,87.0,Cargo,2345678,VESSEL BETA,Under way using engine
2026-09-27T06:00:00Z,211000002,12.090,80.000,10.0,85.0,84.0,Cargo,2345678,VESSEL BETA,Under way using engine
2026-09-27T07:00:00Z,211000002,12.085,80.100,12.5,82.0,81.0,Cargo,2345678,VESSEL BETA,Under way using engine
2026-09-27T08:00:00Z,211000002,12.080,80.200,13.0,80.0,79.0,Cargo,2345678,VESSEL BETA,Under way using engine
2026-09-27T03:00:00Z,211000003,11.500,79.500,9.0,45.0,44.0,Tanker,3456789,VESSEL GAMMA,Under way using engine
2026-09-27T04:00:00Z,211000003,11.550,79.550,8.5,46.0,45.0,Tanker,3456789,VESSEL GAMMA,Under way using engine
2026-09-27T05:00:00Z,211000003,11.600,79.600,9.5,48.0,47.0,Tanker,3456789,VESSEL GAMMA,Under way using engine
2026-09-27T06:00:00Z,211000003,11.650,79.650,10.0,50.0,49.0,Tanker,3456789,VESSEL GAMMA,Under way using engine
2026-09-27T07:00:00Z,211000003,11.700,79.700,10.5,52.0,51.0,Tanker,3456789,VESSEL GAMMA,Under way using engine
2026-09-27T04:00:00Z,211000004,12.010,80.010,2.0,180.0,178.0,Fishing,4567890,VESSEL DELTA,Engaged in fishing
2026-09-27T05:00:00Z,211000004,12.005,80.005,1.5,200.0,198.0,Fishing,4567890,VESSEL DELTA,Engaged in fishing
2026-09-27T10:00:00Z,211000004,11.990,79.990,3.0,220.0,218.0,Fishing,4567890,VESSEL DELTA,Engaged in fishing
2026-09-27T11:00:00Z,211000004,11.985,79.985,2.5,230.0,228.0,Fishing,4567890,VESSEL DELTA,Engaged in fishing
