timestamp,mmsi,latitude,longitude,sog,cog,heading,nav_status,ship_name,ship_type
2019-08-06T22:25:51Z,111222333,27.75,-90.6,12.5,45.0,45.0,0,TEST_TANKER_ALPHA,Tanker
2019-08-06T23:25:51Z,111222333,27.8,-90.55,12.5,45.0,45.0,0,TEST_TANKER_ALPHA,Tanker
2019-08-07T00:25:51Z,111222333,27.85,-90.5,12.5,45.0,45.0,0,TEST_TANKER_ALPHA,Tanker
2019-08-07T01:25:51Z,111222333,27.9,-90.45,12.5,45.0,45.0,0,TEST_TANKER_ALPHA,Tanker
2019-08-07T02:25:51Z,111222333,27.95,-90.4,12.5,45.0,45.0,0,TEST_TANKER_ALPHA,Tanker
2019-08-03T23:25:51Z,444555666,27.85,-90.5,14.0,90.0,90.0,0,TEST_CARGO_BETA,Cargo
2019-08-04T00:25:51Z,444555666,27.85,-90.5,14.0,90.0,90.0,0,TEST_CARGO_BETA,Cargo
2019-08-04T01:25:51Z,444555666,27.85,-90.5,14.0,90.0,90.0,0,TEST_CARGO_BETA,Cargo
2019-08-06T23:25:51Z,777888999,26.85,-90.5,10.0,180.0,180.0,0,TEST_FISHING_GAMMA,Fishing
2019-08-07T00:25:51Z,777888999,26.85,-90.5,10.0,180.0,180.0,0,TEST_FISHING_GAMMA,Fishing
2019-08-07T01:25:51Z,777888999,26.85,-90.5,10.0,180.0,180.0,0,TEST_FISHING_GAMMA,Fishing
2019-08-06T22:55:51Z,999000111,27.85,-90.32,1.2,12.0,15.0,1,TEST_TUG_DELTA,Tug
2019-08-06T23:55:51Z,999000111,27.85,-90.32,1.2,12.0,15.0,1,TEST_TUG_DELTA,Tug
2019-08-07T00:55:51Z,999000111,27.85,-90.32,1.2,12.0,15.0,1,TEST_TUG_DELTA,Tug
2019-08-07T01:55:51Z,999000111,27.85,-90.32,1.2,12.0,15.0,1,TEST_TUG_DELTA,Tug
