event_id,scene_id,false_positive_area,event_timestamp,candidate_vessel_count,nearest_vessel_mmsi,nearest_vessel_distance_km,nearest_vessel_time_difference_minutes,trajectory_evidence,ais_source_agreement,correlation_status,notes
S1A_00955_20190807,00955,4.012,2019-08-07T00:25:51+00:00,2,111222333,1.606,-40.6,spatiotemporal_cpa_evaluated,dataset_1_only,potential_spatiotemporal_association,2 candidate vessels evaluated. Nearest vessel MMSI 111222333 passed within 1.61 km. Candidate association reflects spatial-temporal transit compatibility only; does not establish legal or physical causation.
DEMO-SPILL-001,DEMO_001,2.5,2026-09-27T12:00:00+00:00,4,211000001,0.129,-362.1,spatiotemporal_cpa_evaluated,dataset_2_only,potential_spatiotemporal_association,4 candidate vessels evaluated. Nearest vessel MMSI 211000001 passed within 0.13 km. Candidate association reflects spatial-temporal transit compatibility only; does not establish legal or physical causation.
SEG_FP_1_00317,1,0.0001,2019-10-26T09:52:19+00:00,0,N/A,N/A,N/A,no_vessels_in_window,no_data_both_sources,no_matching_vessel,No sufficient AIS evidence was available for this event within configured search window.
SEG_FP_3_00039,3,0.008,2017-08-10T02:47:22+00:00,0,N/A,N/A,N/A,no_vessels_in_window,no_data_both_sources,no_matching_vessel,No sufficient AIS evidence was available for this event within configured search window.
SEG_FP_4_00040,4,0.0145,2017-08-10T02:47:23+00:00,0,N/A,N/A,N/A,no_vessels_in_window,no_data_both_sources,no_matching_vessel,No sufficient AIS evidence was available for this event within configured search window.
SEG_FP_5_00041,5,0.0017,2017-08-10T02:47:23+00:00,0,N/A,N/A,N/A,no_vessels_in_window,no_data_both_sources,no_matching_vessel,No sufficient AIS evidence was available for this event within configured search window.
SEG_FP_7_00043,7,0.0001,2017-08-10T02:47:24+00:00,0,N/A,N/A,N/A,no_vessels_in_window,no_data_both_sources,no_matching_vessel,No sufficient AIS evidence was available for this event within configured search window.
SEG_FP_12_00548,12,0.0834,2018-04-15T17:41:43+00:00,0,N/A,N/A,N/A,no_vessels_in_window,no_data_both_sources,no_matching_vessel,No sufficient AIS evidence was available for this event within configured search window.
SEG_FP_13_00549,13,0.0114,2018-04-15T17:41:41+00:00,0,N/A,N/A,N/A,no_vessels_in_window,no_data_both_sources,no_matching_vessel,No sufficient AIS evidence was available for this event within configured search window.
SEG_FP_17_01045,17,0.0087,2019-10-22T03:44:10+00:00,0,N/A,N/A,N/A,no_vessels_in_window,no_data_both_sources,no_matching_vessel,No sufficient AIS evidence was available for this event within configured search window.
SEG_FP_21_01049,21,0.0019,2019-10-22T03:44:13+00:00,0,N/A,N/A,N/A,no_vessels_in_window,no_data_both_sources,no_matching_vessel,No sufficient AIS evidence was available for this event within configured search window.
SEG_FP_28_01057,28,0.0002,2019-10-22T03:44:01+00:00,0,N/A,N/A,N/A,no_vessels_in_window,no_data_both_sources,no_matching_vessel,No sufficient AIS evidence was available for this event within configured search window.
SEG_FP_29_01058,29,0.0034,2019-10-22T03:44:02+00:00,0,N/A,N/A,N/A,no_vessels_in_window,no_data_both_sources,no_matching_vessel,No sufficient AIS evidence was available for this event within configured search window.
SEG_FP_30_01059,30,0.1679,2019-10-22T03:44:03+00:00,0,N/A,N/A,N/A,no_vessels_in_window,no_data_both_sources,no_matching_vessel,No sufficient AIS evidence was available for this event within configured search window.
SEG_FP_33_00809,33,0.1215,2018-06-01T17:46:09+00:00,0,N/A,N/A,N/A,no_vessels_in_window,no_data_both_sources,no_matching_vessel,No sufficient AIS evidence was available for this event within configured search window.
SEG_FP_34_00810,34,0.1616,2018-06-01T17:46:10+00:00,0,N/A,N/A,N/A,no_vessels_in_window,no_data_both_sources,no_matching_vessel,No sufficient AIS evidence was available for this event within configured search window.
SEG_FP_36_00812,36,0.1774,2018-06-01T17:46:11+00:00,0,N/A,N/A,N/A,no_vessels_in_window,no_data_both_sources,no_matching_vessel,No sufficient AIS evidence was available for this event within configured search window.
SEG_FP_42_00050,42,0.0834,2017-03-11T02:15:13+00:00,0,N/A,N/A,N/A,no_vessels_in_window,no_data_both_sources,no_matching_vessel,No sufficient AIS evidence was available for this event within configured search window.
SEG_FP_43_00051,43,0.2213,2017-03-11T02:15:11+00:00,0,N/A,N/A,N/A,no_vessels_in_window,no_data_both_sources,no_matching_vessel,No sufficient AIS evidence was available for this event within configured search window.
SEG_FP_44_00052,44,0.2914,2017-03-11T02:15:11+00:00,0,N/A,N/A,N/A,no_vessels_in_window,no_data_both_sources,no_matching_vessel,No sufficient AIS evidence was available for this event within configured search window.
SEG_FP_45_00053,45,0.263,2017-03-11T02:15:12+00:00,0,N/A,N/A,N/A,no_vessels_in_window,no_data_both_sources,no_matching_vessel,No sufficient AIS evidence was available for this event within configured search window.
SEG_FP_46_00054,46,0.91,2017-03-11T02:15:11+00:00,0,N/A,N/A,N/A,no_vessels_in_window,no_data_both_sources,no_matching_vessel,No sufficient AIS evidence was available for this event within configured search window.
SEG_FP_47_00055,47,1.2747,2017-03-11T02:15:12+00:00,0,N/A,N/A,N/A,no_vessels_in_window,no_data_both_sources,no_matching_vessel,No sufficient AIS evidence was available for this event within configured search window.
SEG_FP_48_00056,48,0.122,2017-03-11T02:15:14+00:00,0,N/A,N/A,N/A,no_vessels_in_window,no_data_both_sources,no_matching_vessel,No sufficient AIS evidence was available for this event within configured search window.
SEG_FP_49_00057,49,0.6715,2017-03-11T02:15:14+00:00,0,N/A,N/A,N/A,no_vessels_in_window,no_data_both_sources,no_matching_vessel,No sufficient AIS evidence was available for this event within configured search window.
SEG_FP_50_00058,50,1.4712,2017-03-11T02:15:13+00:00,0,N/A,N/A,N/A,no_vessels_in_window,no_data_both_sources,no_matching_vessel,No sufficient AIS evidence was available for this event within configured search window.
SEG_FP_52_00061,52,0.0798,2017-03-11T02:15:12+00:00,0,N/A,N/A,N/A,no_vessels_in_window,no_data_both_sources,no_matching_vessel,No sufficient AIS evidence was available for this event within configured search window.
SEG_FP_53_00593,53,2.0071,2017-04-28T00:01:42+00:00,0,N/A,N/A,N/A,no_vessels_in_window,no_data_both_sources,no_matching_vessel,No sufficient AIS evidence was available for this event within configured search window.
SEG_FP_54_00594,54,4.8283,2017-04-28T00:01:42+00:00,0,N/A,N/A,N/A,no_vessels_in_window,no_data_both_sources,no_matching_vessel,No sufficient AIS evidence was available for this event within configured search window.
SEG_FP_59_00949,59,0.6547,2018-10-14T17:22:46+00:00,0,N/A,N/A,N/A,no_vessels_in_window,no_data_both_sources,no_matching_vessel,No sufficient AIS evidence was available for this event within configured search window.
SEG_FP_60_00950,60,0.0072,2018-10-14T17:22:46+00:00,0,N/A,N/A,N/A,no_vessels_in_window,no_data_both_sources,no_matching_vessel,No sufficient AIS evidence was available for this event within configured search window.
SEG_FP_61_00951,61,0.002,2018-10-14T17:22:45+00:00,0,N/A,N/A,N/A,no_vessels_in_window,no_data_both_sources,no_matching_vessel,No sufficient AIS evidence was available for this event within configured search window.
SEG_FP_74_01328,74,0.0042,2017-08-17T17:32:56+00:00,0,N/A,N/A,N/A,no_vessels_in_window,no_data_both_sources,no_matching_vessel,No sufficient AIS evidence was available for this event within configured search window.
SEG_FP_75_01329,75,0.0026,2017-08-17T17:32:56+00:00,0,N/A,N/A,N/A,no_vessels_in_window,no_data_both_sources,no_matching_vessel,No sufficient AIS evidence was available for this event within configured search window.
SEG_FP_76_01330,76,0.001,2017-08-17T17:32:55+00:00,0,N/A,N/A,N/A,no_vessels_in_window,no_data_both_sources,no_matching_vessel,No sufficient AIS evidence was available for this event within configured search window.
SEG_FP_78_01332,78,0.0063,2017-08-17T17:32:53+00:00,0,N/A,N/A,N/A,no_vessels_in_window,no_data_both_sources,no_matching_vessel,No sufficient AIS evidence was available for this event within configured search window.
SEG_FP_79_01333,79,0.0074,2017-08-17T17:32:54+00:00,0,N/A,N/A,N/A,no_vessels_in_window,no_data_both_sources,no_matching_vessel,No sufficient AIS evidence was available for this event within configured search window.
SEG_FP_80_00432,80,0.0001,2018-11-12T09:52:12+00:00,0,N/A,N/A,N/A,no_vessels_in_window,no_data_both_sources,no_matching_vessel,No sufficient AIS evidence was available for this event within configured search window.
SEG_FP_83_00666,83,0.6777,2018-08-27T04:51:53+00:00,0,N/A,N/A,N/A,no_vessels_in_window,no_data_both_sources,no_matching_vessel,No sufficient AIS evidence was available for this event within configured search window.
SEG_FP_84_00667,84,0.8447,2018-08-27T04:51:52+00:00,0,N/A,N/A,N/A,no_vessels_in_window,no_data_both_sources,no_matching_vessel,No sufficient AIS evidence was available for this event within configured search window.
SEG_FP_85_00668,85,0.9149,2018-08-27T04:51:52+00:00,0,N/A,N/A,N/A,no_vessels_in_window,no_data_both_sources,no_matching_vessel,No sufficient AIS evidence was available for this event within configured search window.
SEG_FP_97_01271,97,0.0048,2018-07-29T12:00:38+00:00,0,N/A,N/A,N/A,no_vessels_in_window,no_data_both_sources,no_matching_vessel,No sufficient AIS evidence was available for this event within configured search window.
SEG_FP_99_01273,99,0.0272,2018-07-29T12:00:38+00:00,0,N/A,N/A,N/A,no_vessels_in_window,no_data_both_sources,no_matching_vessel,No sufficient AIS evidence was available for this event within configured search window.
SEG_FP_100_01274,100,0.0295,2018-07-29T12:00:38+00:00,0,N/A,N/A,N/A,no_vessels_in_window,no_data_both_sources,no_matching_vessel,No sufficient AIS evidence was available for this event within configured search window.
SEG_FP_101_00427,101,1.5248,2018-03-24T04:51:42+00:00,0,N/A,N/A,N/A,no_vessels_in_window,no_data_both_sources,no_matching_vessel,No sufficient AIS evidence was available for this event within configured search window.
SEG_FP_110_00584,110,0.0435,2019-02-15T11:42:53+00:00,0,N/A,N/A,N/A,no_vessels_in_window,no_data_both_sources,no_matching_vessel,No sufficient AIS evidence was available for this event within configured search window.
SEG_FP_120_00282,120,0.0085,2017-10-01T00:01:16+00:00,0,N/A,N/A,N/A,no_vessels_in_window,no_data_both_sources,no_matching_vessel,No sufficient AIS evidence was available for this event within configured search window.
SEG_FP_129_00946,129,0.7626,2019-07-04T00:10:01+00:00,0,N/A,N/A,N/A,no_vessels_in_window,no_data_both_sources,no_matching_vessel,No sufficient AIS evidence was available for this event within configured search window.
SEG_FP_166_00200,166,0.945,2017-08-17T02:39:12+00:00,0,N/A,N/A,N/A,no_vessels_in_window,no_data_both_sources,no_matching_vessel,No sufficient AIS evidence was available for this event within configured search window.
SEG_FP_167_00201,167,0.1995,2017-08-17T02:39:03+00:00,0,N/A,N/A,N/A,no_vessels_in_window,no_data_both_sources,no_matching_vessel,No sufficient AIS evidence was available for this event within configured search window.
SEG_FP_168_00202,168,0.7208,2017-08-17T02:39:00+00:00,0,N/A,N/A,N/A,no_vessels_in_window,no_data_both_sources,no_matching_vessel,No sufficient AIS evidence was available for this event within configured search window.
SEG_FP_171_00631,171,0.0008,2015-10-31T18:04:26+00:00,0,N/A,N/A,N/A,no_vessels_in_window,no_data_both_sources,no_matching_vessel,No sufficient AIS evidence was available for this event within configured search window.
SEG_FP_172_00632,172,0.1242,2015-10-31T18:04:27+00:00,0,N/A,N/A,N/A,no_vessels_in_window,no_data_both_sources,no_matching_vessel,No sufficient AIS evidence was available for this event within configured search window.
SEG_FP_173_00633,173,0.0259,2015-10-31T18:04:28+00:00,0,N/A,N/A,N/A,no_vessels_in_window,no_data_both_sources,no_matching_vessel,No sufficient AIS evidence was available for this event within configured search window.
SEG_FP_174_00634,174,0.1208,2015-10-31T18:04:28+00:00,0,N/A,N/A,N/A,no_vessels_in_window,no_data_both_sources,no_matching_vessel,No sufficient AIS evidence was available for this event within configured search window.
SEG_FP_175_00145,175,0.7367,2017-01-16T04:52:04+00:00,0,N/A,N/A,N/A,no_vessels_in_window,no_data_both_sources,no_matching_vessel,No sufficient AIS evidence was available for this event within configured search window.
SEG_FP_176_00156,176,0.7702,2018-04-03T00:15:17+00:00,0,N/A,N/A,N/A,no_vessels_in_window,no_data_both_sources,no_matching_vessel,No sufficient AIS evidence was available for this event within configured search window.
SEG_FP_177_00157,177,0.01,2018-04-03T00:15:17+00:00,0,N/A,N/A,N/A,no_vessels_in_window,no_data_both_sources,no_matching_vessel,No sufficient AIS evidence was available for this event within configured search window.
